id	parent	Married-to	relationship	name	birth-date	date-of-death	date-of-mairrage	education	ph-no-1	ph-no-p	Ph-no-3	email-address	residential-address	photograph
1			A	James-Potter	########	########		High-School	12345	46946	-			"data:image/webp;base64,UklGRpgWAABXRUJQVlA4IIwWAAAQqQCdASrAAAcBPp1EnUslo6KhpvEceLATiWduKGMZIaabjapbuOVWFPUCo4f7fjuEqpDqNJ/136ywfOOwH9B98D+n5EEVz7F/MP/Xrg7rf2P/T4eXg1i4ZlH0XQwaMx4z/z8GzEGMy8hzlYnylRI5O1W9PHr59oPFOcukGANX508Asbons3HgIXDla9Om2lnqrx3SS/nzpdPPbyQZxZeuLbvLNyA5NM0LmJ89fxO7Xs+ZuaPS88m+sn7kjzAhKq2Sc/XELOtWcOFoFrwMllprxzshfpzSPl5c2c8S0Z06e3m8R97p+0oP+fXvngBfGwXvktDCpFbXkSr0y6B6MVtbLdbI13Id1zyQZRb3c6GzV6edPduhXLIjAUmYL0DRUCL1YVfUDAMDVXkM7rI9Fd1AA3WMGQL4tGIal+O2SeXFd3QyWZZ26Zt8DF/FLVryuVRFWPlv41wFmdJqZ9jpkJyMEC0oHwFMe/vzuEzSP84MSGkVvZvpIwvOp5bWcY7ix9DYs8oAP8xU7qG+06AmqXvcmL5vb3b/CTtXXVYWz13S2RMD1yet7tTa6nMbP/Jk6a+nVm7oclOjfNrjdInPxBFJzCQz+hN0loU2Su2DUP0zi90f7U6q8bzR1QxR7Pcx8TxijQsv6XBSUNGNp163B952c6PDMIxNfskCb0C09337wEr8mW3SvBtynGFt3wM/F5FLo4coUn3V10PSXRT1QLkqqYvW+jbV4NSTxoxIeSiGiMc8P8YfxcmRWvYZtUJMQeG5AK8F2rFhKUU8kAeHg8wvpnii2wC+sH7Ky5daPHk8mwBuX9FJddiHLfLF1tzdphIfpOLlYKOxSiGeITn/nXTDWJE/1hl/dVRXUXO+kNXLxd8R48RPstQh7Ym7Vd2AbS6WF6/jaEKUCncL9xCm6KAJukgy47YB4Uu+lbh2qySOr1uuaa7XHjp1pKwrjMlk2aM8LNal4zjWkVWNWKBLRBx3abt1t2B7kelTI+oCybbzV8IM+YA9En7v8anZdkOys0Rl5q0f91iyPvD5I+/Zbm1Ehtk1BS66x/yhmRwrteWxeP+9plMhIV+7WQagV41qlJAY8oSW9KLhrhph2CHITH5vqco4dKxNoaBEPYvaGZpu1tmwL4VyStgwxHu0Fm+gHqp41p5gjKtLQoPxgz0JTnNWX63m53BAcBpJ1D/DFoB4hi+1Daz6jYVuvzHvv0+HD2SJqugCbUlIJ5n2vs7wX7ryfY+xjpXja6sB1cYKGAYWp1lmHlFi4LOQ69ugn/mP+P+0RxfeUkuXM2jEk+QZBZmDs4QNBstiNDCTRAWaah1HZbYPCfLqftaxhAntEPmnxu2GKa6rV832yZhaRFpzLsl7cf2YxnHVZl/z019O8cM3OSPgC75Gv/I48H3ZYHFRxBJ3K/UvJBii4qAxsGIyEj9eDkuV9rWBK+f4q8XgYSacX486ois9VZvHCpBuEg+/OPOEM3otZe1Ei9WA+Y+YmM+Y1X6sbFp1Uu3dFQgcEFaX5tXR8ovF7meqkyZkkZ2LFAazJbglE66BlE49awDvPbnDaewVRdVa8YyxwfrqPcAyacneaqK2UeseKr2D0em5EBWU7xwgDpLNAcxybDaNuHgs/fVLwPMy9gmZNbvUuhlbz5W5XHSdX8cSnJB/WtjeXLXFRsLypxUVoQD+GJrUMka02gQR45TE7bEu1UijeHKuZZOdW3DSdlZYYjaJIHbSD4jOdt3eUv0dN8b+WvF7rA8Pf6Dhvx4PYrW6xknMkuAQghgQ2YRVlqXHWyWB0htAL3zisq86I7hPOeUX32UA0KAkAAD+/Fj14MSIWM1U1zMo//Ucyx25T5lQE9fbJ3zYGmnJM9RO6kXJH9VUbxmwVOQnZjcZ82lFueC1wxoEWGK+fimJQaHPQWqePFEz0/N3M3f387iwxDUncmRZPeoFqGv+0UVaawU8RK/CyAbcu3T3xe59amHBYtPQxCoZDmhZqTesJ6dgAoa02siNHLze6Rh9Vwjjfkd3rwfnXgD2KZuiViBgH09UKeVR/Da3+KVMpXhsEBJi8VoYRPknRDt23v17gU/i6U4NEW46kA/IbtdvCH6bm0BoZSoDjwK5O9164ER0J/puVOf/8ZnAW/8ZmZRdwp2VMCk2v0YW+Ad7Sz8TomnMc3szFDSziyOCgOQsWrK0ixTNgm2MOTnQ7PQCpIwsbYHfmFKiv9pFjZBp2d/MMnF632dZnRpn6z5fGvc9uiC1KS/eb3VJEufetKz0/si8y2geOJe7LHgAd2/sAzNw6MGoO+ldE2eYmyQmlph1/j3S8sBKHdZlwreeRrmaN/eX3kCCYYt3YsPjn/MvZo5K1gbZXNAeQfOExlh8mLNGH4H6ugkOzZiZtq5jn7Xt9+5hCit+j2xDc2T1sUwMhJu3z40+RON4LVnkR0gFsq3ayZhSwTF+2ScL+SMX4YkSbAX9/wlZeeij1BLm+ONigUilaxftCr7nhtr+/t344KBMF3ZJS8UqgxIQjCe9b0mr8Uj/s6CLT9v9LzWtkiyQMb6gN6rwPLPL8iA+iCbGyp/kiTRqNFkpr7r+SM4bWVUJHW7W1vmiKwtKl8fUdVt1EUxlILj86njqGX2J3xWhGT9C20ahDcM5+aXfu5/HYcrKqdKhTryo7hIwfoSZIj02wc4GJIuZzm09Oe0WhpfHDRCFTN7PR9R/JEPt1HPRWU4awYniUwL8zmlZTelw7ijgBz7x9ceFGBWp0dh8ENljofQfiCbNAbh8kvwt/R/yWwmcsjD85lDxmoaYnjMCiWlR7HtjbjBOAhil6ZoMqx3m0OBulSyedAS4aPNSWbESTpqjE/FBNChimmTZzo6B7WwTh+5POuthQqmq1h0FJVlWu/xPz7IEj8CZvdWc5xBWB0dZSL5N8ejG2Uyw15BEr5OvubbeS3V3TqbtVHJsFmlLWuFSgTX7EGT7Rz5pXePq2F4LZoNbu2A0NmbEUEfM29UJqj+MrxFUjyviUp3AFg4bCm0szJzNxdqYXCVR8dPUqVcrw2a9nbI/mWTiPA9OnjOzfRLpIiT0YA+Lp48tvY5Gamk7vSO1PFGgydIgnOYrcOXDYwmMwZCtLtI9VjKIGkFOKvvkn6v7qVA/4NW6UGlu7DnaY6IEibliulBsatcf1RalgatvqEqRTQ0oWpqNp6ESwUPVkmpB6v0kWUHlVO3xSjieV55vl/sd9Ye8UqfS4x/D1Cn6qrd4j7G60IuyPyKwgRzBcfMQc76HUFG6rCxdlf+JGKFTybKoAiSCVgSXDn2hvn0DJ2yYoPhjiUBsZYtUJro/19HtE7H0fj1hT1PcMAlkpCNt85TsxWegal6Fw5QLsL2aSylj9QozeW7xkMORbV2h6VGjM1RUfbUI5u2MKifTQAlieMpSCLEexqgZs0q8z3psIryxYLYWho3O/jgfnd/GxH4Pnq1SQCxa5rAGWRlOtiMi0z/idKMPiyZYFLu0HpaPyCi/5bELPPUefdg6Qy9T1PGLxTZq+XHx/mNILBkbpqgZSGGfIdqJ1ogyClK3SGBUSaA/Pd8pdkJQsQe/rbhjWMzqaZuxX6PFLSM3e5rNEsHVjzCJhGBsshMab8RkqWNYjx4T4OVWALI2ENfBwNOvcQPHU7OuXS4fUpxo/AVPjliLBPFC6tUH/Y+uEctMCQBoLLwVgGWRv0dqn0n5Y8IAsVhvgJLEJokmXn+1spZCUXPNRIdfLJc66f8ZJCEcXcN8AXsLJk6jEe5uo/HYvJom3Nu5/AQlXhwRyOptRO9mLIdZw9Bc0ewdPKHffLsbc3dp9qizqRWafHdLQlI5vSSKePtG9sYvbKDO1uFVpkb3qq/SMvYFX23cdaYa0Wv2JlAQVBI/uVvflIsjMJIUcH4IGW99qVpQa2tPHmAqC1AHxeF+aCA10MwUL7nN0vok2rW/blw8kDxK5wWdbSa8O3doPlhSJI26vxZ7NJkGZqCC5Kho9652ELj/5cfRvTDg+MmXKvbjPLwatqE5TksawNmqs1Qn/u1Z1Yp09VK2msLjfQdCOMSr/mJxUupmTL2VCQptBpvYezLXOk6mslFfWb8V6mai2CAitnu2mAyXQzbopn337C46GPEuCjW5POihl4WHyC2cCk+yVxtLUShjgaDSaAIYWWEt+i+wUjJt4WbE3/CZiR8+ELuDnrwDPH6wMduLpROQh/INeAwsIQ0Wpm0g1/xOWRZE8mhGsbc3qcxL2KRt+NqTZaaoWp0vAki3xxyDPFTsM6bowkGyiY3uFshdUmby6tq5UNBbzJ7aAmfL46KV0COzf7/PNcjZ6zlw+1kcoqMvdKmLZF/k/r6nwnioCC5LUKkzmkZDedROOm0Rox2dDUtqaS0dn9xCyZ6plNJ/EsJCa9yG6dXiJxPkjDPZH5UdgvBdFsejowia41GdCC5OhhkWvykeIegn/ODDdTO7DcmINdWPksYvI1/aZ/t6IVAtRLvnOMEKGoNmjFrQZxqZK0cn3PbnxnbOsWI7h4wD34xDHWyXIdCQ+8ryi5pgIElRZYF1vewifyHiHBPtCHRSOwLJkQCmMS0OE0Gi4WTCuOkFe2SnrW/+0TdUs6umcR8JUWllKjA72yrcB/+YE3sUiBqzoaz2e9UWkBYLN6lJjQD8rWEYyo2cC+/qOBoPOtbZVR3YUaL5xKqqTww8oDfealS1raJrrjJf3+8OtdnDzdRhhTaiCZH5F159BluOZoHafekRX1IWmbrgmYM9UN+NHk7RCuuxw72nIUtC9E5PsS4ByPfrTrwJI//7D9NNxG7VmLQXZ628pAxJSDBjX79MXuRvYfTbXb4ZCJB8k69MNOUxCqT0mRJKdc9yTsXRGaOHp/yV7thUU0PV5SLLihmF4aWOMDyjVBYuN1teM+KLWnH7EmwIq3TZ+wL7zWF1A0AeGUt8GZu29ZRGdjt9X26e0wiy7dnvpHthL+j0L02+b/AUsGMdxqjrvMrZdVTAKdiLRAEa7OOT8bxREDtsRvqMQiE2XMk3oCo50cP/AEJK7KCixHQelY5P4iCKVw5gF3lcjBWT9gbuVfbUBmY7ivjsu1xr7YLnfxNoGqXdZpToWi1O/5rFw/9HT3tpG6Cpquk3xWeMl0I8SuPJFHnJoG18/8bWusjM5ak5f/k2nsHE4HRKU79R1U16i9i38cEvh8M/oQofssSv8O34sPap7kMiIV6lWasLi9R9Tz7P/OG79LF7TU6+I+icz7Y5Mv1WuKsyijEnbnkdvpiJ9x757SmoJNXp+gtKokiZJEhMP4nLtlpY/9tL2i5gQ+5GsGyZfyGAEKpgs7lkl8WzI5AW1meXc17tkTVdEOVm8ZPNzjQgY/CPxrnkOU72uPbUqSrPrxrBfEgh/cD+c784gl81vRLoisjwpoKd+plMymjb8ChrJrhKIb5ogyueBbH3X9p0HatGmQiBQfqTIYTfRB8Ymr0V+P3jvjxyiGIWbvGeTdbSM8goXrLUiz7sPz2zGk4FvRHU5S0vK2mTfo94/+I959zdcfDezEtnogugtboRO90gWGPxxHggR/m7XEDOl0eaUKQbZ6rLa71m7qmB4Pw9GlXOgOWTGOt9y7ADH9IEnzWFhQOKQTSCeACHjUCgvRxXlGacLM87jV9nMpU0y7V/MbprwDeLE/ItT+qx6mql9aRD34cfEqtdI+5auxnxQN8RI2Xim/+4XdNqGSQ9N/qAMUZrQkQqED2byspjIkuIbjIzGsMOxWLNAbLr+TeSC3KCeTUU9qybNQfiFswCpyx0a6xjDp3KDdRsAKsg5PU6CfGmY167RuAIa/IB3QD4VaWOmvIWGScz8oHi9EjudBtfPQOyI1BwQGcgujzqAWViSckavYiWBU8SIm8jdE3+GA0JDRaJ1J+uE20IOfoq1CSijMfaH+g6T10n0L4tXz8LnSI1xSyhMCzoYNpJo4G9oebEcl+bUYXUSrVMX+7lJ1YaU11xTP7L2vpghT6zPLIN1OodP3XHMTEF4ClV++KCxI31tA/YTaClumRARdFZQnjaezDu1o8wPxA+F44CPoXdXX7efh/YJAQl3UgZElZ3zL/YBO4P5RQWGWS17b/ZBo9E5q1tU1jUWN9+kQ/us/GbnPt3oV4Z7Lyxfi14EpFUeRZ2aCnIeHv2lY2XbHzpXuW7OlnPBai1nRkYxQfZAwWHDYBqhSG1EEDnKRjQFBemrM8VjhIlljfyyAGjen0oND1r/rv3INrMIvja4SGP7lmlA0p6JR/oHtirXpk8GHRiAP04QG1tE7ZbhDvT9GvwNYwE8xuDS5O25rXKv+tbXZFI+3YD4ld5EbI79hlPF2yvjXkjBLLXiQyoE7/lqkSZX73NmCxahKZB3KCAdk0HHu1ebeLM64DA1akYmHED7ynBcKRKdOEHuJztECLRhbuyGDm9W6I+N5pzpJ3fwGkorj3h7GQiKASjfKYf5KawGri4MMzRohxHbaIvxQbqvEKTyZuW8iREdOmgov9hAxURdvAsncYeDx22WUZ2mMXZT8Xnsc258NamPpvm2ucBzduMU6e5BnuSISmG2C5KXqRozbV1X2YtEDU5FcWq8FM9K+ECoZxz2N7Zc5Z1VY2KfeL314NFbyIpP5Pj2R5P9JRaDdVLrW78Ibxuzr4gwMUFAZwo6X7b2jOSLszJDLmG9o0dsNcHE5KA/Dtm4XgZyGcCd6BEkhLrepy3lX0VT7lbA11pvsbOk9JS9QbvguhLW7jVtgNUPe1MhyL53jZAjCVEUb/eM4AbcnT9oc/62UVpAnV8nktuh6hhv4R2OFAsQzeykrwnPKO3jzEnJ3/pBSInrfA+qYSyxPZlgLWKWwekwLha+iLwS0DUnuFuhjUQ/tA53AvDa8LnTZx57WIcL/KYf0sLVDAweHgCUB6qDGc5xPgU9pvGfxIGSBDxwNWwULr6bWmUTKVg0IWlvVtwObomy3F9gp4ilmRCGP6KvUnH4fbMAjPvKUUZdBU2LNPLOs8JyWUC4Kq/oFiapGtDOXP/3VkVXTRoBpVi1WDD9zov297T2onslmmbUh/QJp4ocIhfrwez8AcyWMoXzIKpZSDgmw7REubCcry9i6c5mCC6GeQusTHobrUW1ThuIJkaS+aMQX0z687FRwkqs+WAwEU9ker+YPs6PlpTkk0UdNn67tnOPHbFIvmJbkVimqjMFgyrZhjbgfdUdb7lY7Tts8Ko6/CEbjftaPyCQfHd5JwK+ly35HMQbKVYBGHuapLBrEP1h+d6KLiV7UZuTZtBqVYC38pi2oJSQqvmtoeqGYpNcSwbgS9BrqUI8LXQztcBDahRt+2X4R1vjYbyjaCgKqNYyPVxDO0AjyxqBOnsE3Ouwz24FOdAGqxudpvgRP7GOqvmRYq/uc2X3B+FF/xsNeooJ67v8fZQEdyrsdrNYmtuSW/poTei1DHOA4oJ0ymKvx2TvqnRyyKyGlZy9fHAx7rydubw7W3jdG1pf/iZSTTd/e7leF/mCB4ES4+yKyAHwRuDcU1zMcNAeADhTy7iIwMk8n4M5VvbsoLjUppEk4J4jdqWX7nCauLRYtYbveoJKAYw0ErdMuuFTCjadBKkpJBCBS2nHYnbA9+A02TEyhBbkvVeuIqjs/XWqyYNqovK9bWNHDbAjZbTat8417Bm0ZohEEQaeknjGV5qaNrWRGzSEFzQosI09QU52dvglbHTYu/7LbT7fUly9VeBQK5ggGAAAAA="
2		1	AW	Lily-Potter	########	########		MBS	454321	45667	-			https://bit.ly/3cVAYyj
3	1		AS	Harry-Potter	########	########		PHD	4679	6464	-			https://bit.ly/3zFZQUo
4		3	ASW	Ginny-Weasley	########	########		BA	56789	67964	-			"data:image/webp;base64,UklGRrwUAABXRUJQVlA4ILAUAADwkwCdASrhAOEAPplEnUmlo6MhK9LrKLATCWdu22jHYYOx2cjjG2Nhmd8zke093tmA9eG5/Zu/5v1//n3vgbSOA/3rwZ+PPr07i/3f/T9CD9p80GL56XmI8tmf99Cs755j/z/fP2F/un/i4KerUtLm2q4Ij0FZ+iCPnOMC3pu04ujzbnjrMSKHH8p7D5ldPD4adgm+BcctBfYimOJZrRUXfUftM8zKEo3HUbRb2/P0fr7VTdXEngEAbxjC4SgBL/kF1fqmWfncsz08JRBe8M+8BHq2956NG90dHCXYskPA0u8TEJeTr3epUaj07mUXfp8nBevIvirzjWGjNzU9TfHuikcVX3OkO21ljlU8WpXmfHFTZQbwhT31Y4SxVlxQf1PFdrkSUAgMgjl1QpZ+lTKvuXp96BfUMfFeyK8Qdh1270d/qgxNHigV1zw5/15pR1M4cz93ktVqJYyBfCRE9gNXAjRkoFg5EJ2WDSbDWt96+Crj/+QVYYKR4NMTo55ASs/AqeOAT98/gZndoWG3RcfSgPq+QyoB1RqczNaj6itb7GHRxaJRuNQXILmfic2DhJH4yjy/EPmEG917i6sZSuOasI3vLK/rYaLERb+YxakOXIJnBIk69oxP72w7rS3mGuVBObZmqvMgHMX2uaj6H76q6QBNrC6gwf06ErgHov8laSvvGX4xIlOLl31pJ8Sz8joILTLA6ohTnJHRCqwQSvt43WsH/6ty6x759/yUcTsWc47lVJdFQRMrvDY+KJT/AcDJh9Okn/eGXET/ROMthTiQwmN/Ga8WH+fWLyonV5YM/dSz8MaZXIIGNjpOpDhuHR5qUibF62Ji7v5yrASRhu18gunQpVl33q2UzWa2V4u8GIRXFTpa3iWAYv4gycr0zmzLzp+JKWz9d7hZNKWHd+xQHCpnU3sHGJNGA5yI3j8abEaUqc1eQBGMTuCj/MIe8BR2/HwKX89g09hGEssv/jdcRwle/5JbqNnbbHw+YCToNZ6bHV/+NmVdGyxU/nhOMMzBXfHEj8ACXAn/ynCqFtWP4aXHZ+4Zh5/YsTTdNWn645io/LbTXEI0Jrr/GUGqy+qCvTIv+c9s5JZfObQ15t6dDqosrd3WSwLgX+vYkDpykRttNJutTUupYg4403qK5uXiTu6H00aL5Fu3ECpNAOf0nOH3fz5muh66WGC6xF61dL9HfHPzn8xckSnSvf7HRxHvh5PsQsxQS23wXn/BV2qXQcAepy9qEh1v/HwEf8+6hYU7dbVYxQh3teVdmmyomnsNDBOffpW2mNjoYyAi5Y6GakCzk/Lw/ccCH3fASY0mLG3GfuvBbrJQL5UiP/s2iYiGGiExbed7Ee1F3E8tftt6dBA29u9NjAtc068hytDVnvwnabBZzlP3pfp+k7yFrv80EvmJg3EX3IIyVuuMORy7iiH44SE//+mnYtdn/7kG2JzlIUBcOboN0hD2CqzssC00uXV/80FminZm6mGADmnDAfdxadrLXEDx+fA053PBvgQpjYQExUOlzkYzyJmjfKN8vC2E5bfL6MWAsk+ZpKleUdAOEov6rrmm47g/ixdzBvQbuW6jc9aQAP7JzH/9AIP/2rRv/oA61TdOrLWKR6XsXScfgful1sRuXhjoe0nByj/k1p7QoTuoAXS1td+7UKwxNsWC8hxRfZLe3nsf6Tmg51/crzJ79zNp05XWNHX8BcUE+JlvXbCtzu4pOdLwYBSPeBLjGTKZZC/sKIaKwXdLmqXNQWOF221rZfuN6Gsw5RGIIN/NaC6XoUxUxF4twhKGVLyB5eLxVBOeT9jLq19vnYLFqUXUPCZqR11JQi2PKVYumTutHYlcls+fkE2YLs0GSE/YRWn6eXf/6AQf/tWXBUeEIlvRiYyR3BZ+6P6r7Rzw8LsD4aKZ+s4BnCgGOo0EY1xfW84JRJaHRn8rQkvYdNLjBTLxyH50Fk1kHhfBGaytB46bIqlsNFtykl+xffSeLnrqXbYWjZdwUBmPED7A9OGbKji6UDvZrjqshOQ/Np8AGXg8sp3M9dQE6TzsMIXyd+qz4taZm0SygLQhMdFR7KlfPt7nqEmWcUaQK0FaQ5GB5K+eH13TFPP4VhqxyBEp2UO/VhQaJoXKVclEHvntoxSQJ9z7riNSITu16Ns9E2UR1plkghqQ0OMtmJWwmK8XztwbY5KkczgtRGCWaYYtmw8aByUAdcAqzP11aoRuDC/PAc01AOvbE+qwy8SDmCoi6PgHYlNWNB8Ag5GzM4A4ttii5QeAYtCoCb8BR7yazcp0QKgym8TYpgXI2IoW5Ad1DrQTcyu7JZar7+ySjQUmnGAgPJuCDOfUT+R3Mpf0uYrI9QdAgD97ENh8KfD1EA8XW0mQ0wkReqty0ANnCV4SeW1tQuIRKIIAd1uKHiCxqJSuBlLUDsPn4Slq8ZjME7QAiQXIEGp5UfpFnUKC3Ua2hSPxMTIERsbaIlZuKrI9uuMm7w3xCMsn9/R/Ru3f7z+rYyQnFTYDzNIiZASIpnxWVqut1wa/Iwn0GZg7Af/+8zMlTYkXzvQ31P2o/3/002DYvubSoWreaCWerg8ZvxaAgcvuoomZU9D9HKI2hCiHMVKwGBwVctqf3QdQzhAg7pTg2sv7uk+wcuwNKpA+vnf1gO7Kn5E5L6q8LJVzv0Ue0i5Mzp4YopRjX3R1ikjNHx/dU8kGBD3QjHETWwXoa2gRe5g7ZzJBF5G2UZpN+rEi1SRMyO/g3IG+7xnjUXBe480VzftECfBux3l9ynwZyYyFxb+ogND0Agcn/0Nmwlp2eMMLpEmm/63My8fCbWkS8UsCHknHdK1Qy3kjg2cuzlaME8xnXuxs1OMWSNetDegsF1rOEH7vBvYE9biw/NOIOTxY8TL/riDBJndCYhN7gA6WPUTw73jqVCmPBa803K/tfmOE3ZmyEXqxVvhjVlxBBeQmpIBn513HsMuPpAhkqkJOrHSk19W6n9i0ZYMSYakbPqoOTULwVIbt2wteBrKVJXUVugjGNmiyscnZV4nE8V6/A0wrzsjuwmsHz7w2Jwe3B+rz0w8lhHewh7Y54T5eJR56bl3246Jegp89xhfPSmwETJZb4Zv3LqdU4cI+py02dtpscOWDyZb39v/knWQ35R9jE8tViVzJDFGKJXCkfXLcUXHRndsSrKl1SzIHEEBeW61gaqQ0I6lnnhk8/ujR1rmqH7LKaastwFM2p9nqju0th16oiYdSZn6KUVvTaMEOE5AuoHStqNNBk5Hni/oNLzThe7K/A0tppnSgQUFdU0LimqsoEa0953Ulw+4fsmlVSIE60DZqZYsfMlUYLx7p7vHEHNmTjJDLoM9V8e+RAQ0T9RLGTdpJffxuMJs9IHWH6NDZ6mswo2O3PCEQS9YSKZVrmpH8y2TpmCeKwT3/VmEgPeFHg7BMZZHKUvnyXaa52jNuoCRcKUsBkOrIKq8/Ec3Oa3jad0jY0CUuWQi0vKE7EagsF9GnJBRm2g8DbQqJUJl1bAQGKmvPNJL2iytkBsdWASruzTaiu87uAKcy6MVvzHnJA66ZJu6RZqUTvSCDOq6/LmH07vlMcAG7EOOfAyHgh3HP4IVGrGXuYcv/Rayoagi6jMf5KRYgYCAb3JDyHe7/8LrA7/pgWgk/9Fb2HJacVwVE0HAh3SMHxEeH9qOy0Tnt8/aKnj0CuDcUf0S1gOOBju8GP4klDZB7A/Af4eKaG9r9x4O0IhXXSMiC/X43zWAmm5Zkf6c05jSzghP0pPwBNa3RJU5wYvhAlWDEMrKqH4dm3GHYHSoILRp1WckycpwaiJoqeLKy/dwdxrDDvX4/q8bgbD+Q37wbBDw7t5SrA2ao5YO5XuqJxukVfQCSQXNtV71hTDWusOo14yxQCs0/gSvFZUodZYfBbDdKZLQUy5YzuK2ewoTL+p6x6Bh0a5MYCaa+TVrWziTL57evuEJf/s9wJbENkVuGM4qt1RNL2RJLZ/oC5m9PuoOLrovt4vzKvYiGAeyBrBniPyWN6ngBpidJBKLnC2weI1iD4DNkmiGIdbuU/q1d5ujShz2Uth07UXQW0TPG4/4JjVB/HZgB761KiOx2xdOSmCn9zd9A2+u0umZlRVY7DvbDatWr8HQbA0jXThSTOcrWcY9Jc4jE5NUgulfl5hZYraKCgIhWNUr2DC1vkpk8vnBpCprafsC/UvpdkcsOvmioJpWmpvC9rB+RlEHajh/atRLevt57aHa4fqPaBOQMukiH6W6xBDTlmZ3zG9uFVVY4kaxEnQTlTFqEW1ltYY309HVCAAMbYZdxo5hWPv4Qo3dRO1N+ngwmHMG4Ao1NRIP73yHEtkGBSCinPFfMTQClRDiMUJQSMGl7sdi/TDPX6IGf0PFS1ahjajj+9Lneaqz+y+fERfnspUcB0XQ2erFQWFYDpt+1ljfzr/BKnOuIXvBSgSjYsyIl6zD8hDSzksXLCFDu8/XISHac7/6Q8EiGi1PEtFfM3J6w9AY+3SLf8wz3LzEsA9Js/0vWnRXKar7UXhQCOwn6NjDSXQ4QHvUALMHknGK3upy2cazshNtN+D3MJ39WYDANUVRUikZ5v2GB4G1WOEwwJhJE7TmWcZmDVOMYLNsM20Bd6gXze/GUC0Ql4bSlPptjSFjmkuEf+KnJYrzdZEY1Lh3XEXZuxEbIS1hicKHrgWVijjvcegOvFtVPTGpoF10hcGzOr9mI9wgYp28VIT6TotJMvDc8roserAbwNMHxf8grxj0q7CUf1BecM6h8w2Z1RfMWSvsvV8ltKU/hDpPhtbwZbgmLN7avLI9MGW17BFpoBphDgPb6gte+a9GzTpUEr48RyFml9M7HFEx+6KoYGo0GtwLENq2Z8dUPagN1G3F1tKnhpx0Im9bTUbnseAQk57Q1RBZh18WCa9pcLoFxsBA+G4sXkybWyZEMIpQ7SfD/HSC3XjFgnANLACC+KR3i6YegGmeN+qpMte7RRKhsoETQfoWNw9PbUv1OvvJv73TBM1Svaj3ET4KNbi+eVU5+Y+i1Z8FmCffBDu+8C6wa4efqsVefYXiO9IoyI/Lo6nvfTawBDqdqnvNqZnHADnBTT0s7J+pqegEiqVkMUskIu6vYjqvKzfgykJN/v89sxc7nAOZxZ/KyUWFS8c5EE0FrNV+SZfWNvyfKT6ByUi0V+tLrZRMQ6hj0nvwFLDA+aeqE+PcYnBcEvI6pB4RvkoZNPrvI9FZAhIzLxQ5Y9ZfGOP70AdxSvu3Oc/mE31gRPJF+WfGbB74H9pO8AGH7VykTJ3ENqF4fjuE15EENToza8wsHAwcFMxTXxmQRicVggxopg/+yvat7OQ6fAsqtfShczmoaQjDr7mJoGjvspRtShMXH15AOSQsmGyqUKky/V9KN5MTxEUoM6681aLU2MMdqaUvRRCltWHpFKYtnvKybwodypckBHLWeC6X8LD2zrPoPSIgJL/CwPHcJeeJ3aM1cfaA4itscYDZnJskweozlNwz28sbCFnOi51kLhaNshYkSnDzLnKF1nldq97oBPDBfpvsw93M1t+yDB5ua+6H0E9SilDTNUZiLFnLEMYAFgjOj7Nz9m8Kh2bDEMOIihyY2lc5AyiRaDr23H6ka1Q94fBCPnw4Q2M51pIl0pkNZC+kn58p3D60kqAVCGkCeZ679sp2CzLhfFg+LHyH/aJNjQHP8JsGoglbpmDRMOV4bkp0xhhtLHsGTMx7BAY5CLm1zyTDnuHYv5OTTOHWL132KgYQ2tjg+8nx7H/FeDwmVYNw4sD6LOsaVLG/0GPcGsp5hzqrkGTUsygkw9QrnaO6slNZ2sWaKw+7LwXlUzm5vjDi7f1hLwzazLMMABTDcckWZLmZQtCHNydLtRDTDB9Y8Zr4AQzXC0rCkD/1SK5HTDCP1Z8C6jvUmQGGx3qWqDx1z3hrRQsWDB/WrvZQYfurZVkJhtSbnnU41Ss7wzWmop0cwp9yVB+wgJzfaZMftW319GwN2W8mwfeK06lMh7HcO7qlJh3S677Xi64p5MU+zK8PQDxB5+9TNXFY/Wxj/Xju0w9r2EtQD3NxRTRVLBCcrXTaEtnkHe4Kj4udYpLE3DQfErl4B88hPOdXZhDAbB10a4tpV1FI4y8e3CQ2RjZSFqChhlGq2ins+CBpsi8ExS2lG5Aejy4ELOputM3PeLxAynbvI7ch9cwlem8jQtZH/gNUfgoZrD86x5UF+uUENbhZv7R48/HhledAYTeSOjjhs23Vfwol/k6WLxdYJR2DB8QYET1QlVLmuiUNJqle2AaT9ywsQTLPCb7PzsBEqQgKcTVUB+KACpOr18xeQf0WMQ1VI0aptHgyAiL05QqQbi9h519DatSU8HUngK1fg6Qe9eJ/iVz9FFOdrSoyFmXYxq7s1IlXUtu1SPi445+HDM2UDofW8By7upqO0qykQeG7wMryPJH54McqZSGSwSfN3w7bcm4ueO1He1im1LQxvr+ySUMnJoHxWNxpws0m60COAcFH+RxH2gbv6H+yJ0S/QJ7u/tBSR7S3/RFZLly+qQNo7Lr8kCwm0hT+zWDnhNQfX2fby50Dl7B0ItbNQWJ5sZMDpNrETjGgf4fVwubm/Hmfxi+ZpNPxAxN8Z1Eglimzlcda+xTEk0GwfzaPDUwrABVQDch01pRl+5RTzbYDgh7rkA4LleJK108MumfNUPDeVOtKJML4qvgSqprOAjyBUZsfKXjWNcZXOKwX5M2E3rCKZk6hJuorAAxBe4rChfjGq+0O2FEwqg8gqx/bz3ucQzjaUG9Oe5zDO9eAcnGfI2vzInDzZWYL8ETf71UkUH/5+BGneVuOMYcVMnRklMxUNG8vVb235kKmgvxBjHGTP90VAy028tEh3mfJ8XQV/mtPei14Jvlb71QIf0mke2D/5sfOcwcqIwJvDMlIq1E5W6Yf5uE/P2QdkNkFcH8YyLmIckX8v3x7FJdTGtfQxBbfrB5nYz0gYZCYsuCY8NV+5YCyQwTAYt86L7II4BxT9vnOwoYA5KE56vNNnxdQZD0DyqnlknlsqqnrciNYXhCmW1SHAbzAv/s8+K/OXAAAA"
5	3		ASS1	James-Sirius-Potter	########	########		10th	-	-	-			"data:image/webp;base64,UklGRlgTAABXRUJQVlA4IEwTAABwuACdASq/AAgBPqFCm0imJCKhMXMNOMAUCWVs+cspgbx3sjfeeLbw6Qbb9n8L/CgKHBznK/n/mA0P7f14k/l/Y72z5rBY//69Kex+XrHWd/3//6tfw3R3q9uxT7uI0dNdMJd3O4bsfY2xON4CoEsw2EePW7ERklxL//Jis9DAkYFTGvl1u01HuB51IF4bapnKl4APX89moAsbi88vrUJ4h5+Lo6fLNQu6+V52nBioLPs9xvF2H6Nfnw3ZtyMS/aPAWPhMLPxJuVybnwbY+3ZbpV+rIshLlxlTTC8lnsV/Wp0H48npc64LEwMWhQL+RN7MgAHaGSWC6OuFtQT4LUxqZv+YrPp7gomr2cd4vI1v6NJK8WR2VzuI7+Tm4t7zh+JPNia6LPoUW8hEMDMSm875h1VODe2lbpPf9UrFBJhUC/yh94GMgn46rNopOZbvyz9ix2iDf/9eZp5PKNZSFTH8q9yWZHL1otudC5GSdBsmc0N6xvMTs5DhdCVIKqvl6YPiEO+CUXI5x0GdbGdSvOuhnf5WZMBxN6LT7r4Ho+6u5ScKeIT/M3LU6/593Te+p3N7yHUnjFr3Hd9Y4fGEqDwkXHvkv+LcYI2AFoOm72JqzraxO7gzRh56c2MlzmE6iB42qmp7f5YXAf7vD65kOVDB6aGsFyknXFVcGCxPXCj7bMAN89T5m7TtQooaEJ/G1KlzBlf3KxK58wteYpMGQsHQjnaJbQAXNFHad8B3/38+F07tcQKo3UoPgwMujv04DJmzfMPq1ykOFqCIYVUgGU75WcWzpJq3JeCiVCReW8EYHBsiltiONcokSH0Byv2uTil7NA303HK4gFdjRDEMvDygJNZfnke623XYaYFf2v1OY5xRpuExav1NDl1eAnhDO/DvTR+Xl2iV/UFFnKvNsruuzQCb9pJ4uA0xrTGRUx5vWnQNbzeUJ6RbChPRYpSnseEKoOxk/HivadT/x1SMvFG3mNlLKItb+RdTZ41g4UnL7IGT7carhXx3TwbXvMnzZnf+08ev7XZLmAPYsb7S3K1rGrW8Z8BxPN+W6SJOpoxkTf8EderfZ0jtzAI9tO5m/Iwl77jN0gR+PDix94swPHktLbvRpvHkhduSjqtEnPkY/NOyoHnHjg5ZUEviIlir83+CtsVczsAU16Q/sGBZWI5o1hakaO/CoDPMQLY5dyE0L5UpxkhubVhO/ZIn8fzyrn/2LNYEOnLeYMG28YVmyCSAAC2PrEmizhneMq8HnV4tdhc09ZqqUH9+xGAn9rfKQO2JpQwJVIslrp2/VncTF/wO+sA/QW5FrhnxP3yYrPheDoeXngWjU5etxyufpUp4r5ZY6rg0+JlH+IiFhwTSwWq3TCXcT0aIU7u65WfEh4UPhxLUhCtCiZ8UKK7kTD1tzg5AfHRazGvXimPYIfo9kBIhqg1kM0JqgFktrHtJoCFzc+gtrxAIumn+pC78ZVWVKT/WYaHxruVhL3BseAsn9g/M8nORP3963Vi7hxELxI80Eei1RxDAPXol6AP3AnFYUvZxsrgqzMrgl/ih9CNe97k+2i14aahxx0sAkXexnEi5YfvYjtDKoJrHscmlBQKOLumsXqV98wO0Zc6vYjQSmUFEz8XLZY9+nTxZ5kca9RYNViav7HuvnHnjiiw9uQBHQK2Ful3qQXIPA8J14uYT/JWXiWmYqSRqSbumYUzSzJVsqap+DOvZ18zPt68PPUB9ZDNo7pZH7Pu8gBy0smWZ2931KWPr0ssJhXm51l2BNfTP11hicYFwpGgVap9IppJFKsVhJXwZopFoQxdMsdd87q12d6OsfkRTJdrzV1H/g8COg/66zvfwc1dRE3S+JGlUOF3PvJDw4rD9TMnK60ve1uyzm7HP+eOJHGlgi3+1xce2/IhWDd4CHx3EitNIV9qNlVlaVJFtf9Jozn6SGc7obk/R87XUoF8RmwcBTvgXcrKzhr6EsqOBiz7p4B1GAAD+5mz+bhj4Cf5Tu8kGqyJ30RYT0WIuyOQ5NY5uh0tvA9FIZhGe5JzGScSzmq9fkE8X/TdCV7P5G2hRz+NroHDGougWGxJcrdp3yS+TZ/CUAfZ2TOF7BwOdinfsT1EiIRzFpShXaIKfL61EzfUgvZgH+03bEeAcgyH4EY5U8pQGfssMRMdmTMgET9SDjKQWXeImcc3dEIOvkYKGRATHH44IGbrPeSlSV+wmjnVJ0fLG8FmESFaijoalWmD6GU/vYJzfXLYCSjDvIj0zkesbQ+v0QvOKN3C7jeIfP021WuTTQmVRyjn4SFpZPTQsGhkQv8yvjflC3Z4zHGYJUCfqEbP8GgNwIohlkMJwe1WcXgIhjxdXn8OPlFAl0MDqqepOizdx6VQP1teY3b/IzxbEi3iVwnKssdP6J82/n6PyCpgjf8jFD5c3MQy9ONH+BdDShi06/vl1jjt+QjEwaU9FV5dbx+mWcN5hUpbBwXl6Bg0JthoynpAaGE0B3iNAoZ6gQcS2OLKnO+Ln+GBmF+hejY0+SbGqvBYmMbOTRMhwX6q2YGqjCq9iO6E2Bg3du/DyHQkXHfxY1Glw7h7fwjq13luLA6VgyeXW7SO5SePsY7NdCV3RiAi0vVG9FG7AF44+FIX7NVeemwD2jn/HGcCQa6Gj7ZZpcqSZzz+mmHdQ7BW0tEAsd9GBDBUMng1ClpxEEWdLTMsb6indGJj83017eU93t2IEVdW3Vo3a4kBZ9tp34lJfN/oaD+222lsPPvY+lIc/PitjDRP9uprHTpa2BSdIy48n4mLBJrxoFHCJ1eZgLUtJyVKzWQge2I9I7sDeMP5nw7lKH/BvMpWCAX+J3RVueYSB/d08So0y+J7UxywFEMZT3YIKOBFn6Y60S/KzYpHhDxzjez2wnVTDcapKF9KW6sX1HxLpR4xkNiEjHbtmLLt2gRkx9xpuVlRsKFolg1Sn+HN20fj87m4DIae8wAZj7AvpmVYgfLS5HAnS7PnzGHAtBtpnf6G1wrqxLn4AygPjS3b5zjDknpAqMNrucVAZzRJ6Sg5J3JrNP5fViYKr8uGRQqCfZrnq0kEDHfTSo/HUOKIvYSdh5br9RodQiuerLtG01v3RJFDbK+1x+lGM1NksRl3XOiuQjwx1WNg0abI9n2GbegHu6zhf4fOMN9w4yPF/LkleXP1NB6pE7phPFzgPTDnAGnomY1UVNHFgL6PJ1pmoFzXOkbbhFFV530EPAWVJz5uhzWIZSVnIYKTW/RNapyEFKniOUOo1WZKww5nrPGj0SB6c4mnPlWAxriH93vz4DEx2z8ssLWsSXxFogbvahxkX/PPDDgXblx4citFWMJh5aTKUGWcxdGacV7Sj2kGFeBJYcZghvwKsF2ebW9JD1X0yb/9aj+ogkPm4xXy59cKcOVg00U0OxjJ3qbzs5uhoc2Unyyhl7qL4s7wVqRUWwKnW2nl8hGJV8IcQSfFFLGPqyBQ28nWg98hkl298PEzr+ERk3i6nbT0/xrPl299D4fCiL1oMugjhmczxfxEdXdRGHKdUrGnJGmwPQqOlr6RRM2n1a9MMdNPr6qpIQ+Y3RxvlPQV3iX/+V84q2zSiThk5B839yt0HEoqNs8+gESdlKlONQbjcCSO9NkrcTg/kq1zdx1FoAWRXq5S5nSvp/H4bXgFo4Zq981UldNjc0BuIn9HPPSiEw/1VaFonLlOPP59HFiT+BSOReyeuba9cS6cIwmRbH/2Yv3XyBTqHsiD69MzJX0RuZ6RN19qIr5zCAqEluAMG5I7sHKGgx8oCaBdUSY4lKE4rLL+zLrzb1yqx6IgjzAArpCsm+tjMRyhoIFvm/4GQveX84HhhExZqfsr7k67IB+wWvl34yokmDRtQaoXJ0AUthTvjE3R50lq9Hf/tV0RzeK0kPgOqkg+0PzQMIoPMstrjl/xafeIkygc/PNvMtPj0KcGXx6dwmh1cgH/bvd5k9qfZb2p8s77pLR2z3yCjxrchAwcTMr9yv9hP3BAorIBtg7tG8jV/r/C4TM4dcWUmO+OyLPz/J66pUKaW1YCw1qJgn7xNH/8BiTEpXc43UiBsRdBAMtgp4eHrdpStYhrCrWS4BJpnx1JAy6lRzmvcN7cluZIRBFMg1gn+Ee3cUs0Rp90Tj5sCJp+xjdEeqJaywYbOORhHV2+2LFQi8sm9xvyLHT1THzdJJPceTnDGSBfOK8dCFcIAbPRqP4xLE+0N3pdwHtXWOCcR0lOKwP2qmn+u+Tk3i/18TooSJ1OwIymx+9w6SbisZSI1BRJ8zs4gS6mGhxKVjFnZiltn974D4+VOaowLqjMu8ZKU2AW4OpD5pWbHWlN1/8sPx0CCtyhmUvEo+43qDQXI2yIujJ7P1x7x1LlVwwoY4AC1VHa3FzBDJOF8LfXl2md/xuEnOtvSs/oDs2Y9zPh2FxF1WMOObFjjA1l69ROXqQYCvPLvvr1nRRvEgAKHd+f+WeAQZy4wuE70VMvJxYpc4IWvqHiH6Es3j/BbWxp+VkMRFCl4GcntxUuOozkzm282pGwN8SGwqSa3gGut/O+tI4b4Nk5od7ENYPOhuZVMyHsQxiJLaO7wNItuNhElI68HM1NvCHlJqNencfZcqoKWt/2ToIKSM+xjT0KE7I51yqzPlg0P+oHSKBI67HuS0oCTVez7k6F192hBp3j/gXdDFan3IEkTUVeb+AItkOm8mkoUIlDXcadoGt4PRxEB3puqj/trgc00jq6RssYOGwxEN0KZys1GcjdSihadHlLKJTf6QAJg8Uq7nNYYAV9991Y8j5k2Mw/ri3iF06GYIEhLZbk0xEByXFw5Xz8qzjxMmqf8GbPgxcsBEQzPdZ5WuTEqpGGOT1vwNEQcnNypoMSwZpYCV7aT20PVjVOBwDF93pZmKl4YqveZ9+C7CS8DHQLrenpUEW13Go+yCx7hxWU2u2WEhgPCT2au/6b0FpP9Z08WbJeyNyG4EnOQ3k71a304uVFHdYKdy5/VZDUCYyCN+6z7Ec7X6eyjgXz1T40ad8K8wk4Rwat9iTKr+5MrMRKozYoARtCqKBFYJI3/TrwVL4r+ZNUeFQK4hikjJTBhA0S0ij2a7UFiJiwQp8nf/baphk33IQPKCwI2ydiI0ryLeZhQDTcknUaINyRTGUYwtLMaKc8LpALhDwItNvgOoHYawtEJMqiriwZrvZFK434XnuYHSmUnkAumXTZD23zjxZEsShrPd840bmfp/7IKL5yKwme2F72EDuJdHlFxynYkNIRfmor9OeirAPxrekFNoST0NBRY3nheBYg9p+q8E1hm7DXizRXK9aSlRvYJzxuc8cAReLLRnmKM5dVW+V2RHIO3hi7j8DaV8JOoUvlDT6umgoD0KiVfJKPQ/0UiE1yNwcysMx8aG1jtKfiLx8kfXzL8k4r60TBT5/vysDBPz777+0oq19XA2Qhpc07R0kIaiHZ5lS4km5A7DaxefgMyl11RfruxX0I972hyL/6NluVqZU9D5JDNfhavt7RuaxIHqqYXwt1OmL5tYGayDvDLpuZRybktUDvER3bNySW46Iveu4uLBT/mvHCsnRsMx5RmBnEil96YupKLGkfVRWRjTldWIF+WsEr4x6/PbpqBqZxuIYd/UysmDlzF0fXJ5WE4m8CYr2bOB95QZ+0yCWKl7gE2vgNbtbzAG8Ldgrmb83XG2PYUIYT4FaJobF90HKHHetbh2n2jGmD2CGzoQn2/h/wp7Rg2XrLjb+m9TsyhQVA3TW+BV1ScYeIG7F93BdUEaa+vDd23DG/L/cMofOL4rCHaVigW9FznR7TYTLw9TOhulkqxMVvBWOgbLjJlowe0r1XJdGj3CLpSaa3jcMr9yIleT7TF2TckRx9irlCpQJcEjH8YmLOXvuJFUYXzhpq+L7OKOzmtxe9G+tR7RCQhs8+AHBrjVRaDlmQcBwrRuOziKgFRkAT7UF+hzDjRBE5kILqVzobwPGVIsS6lhwcSlZFpDWPRm+GJIvMHD2eTpe0eJ52ickhCrEknG6kkQexussX9oYga7cv+Ifp4xYjiU+WZZ3WS0y0c9GDFe7NxfZ/79qdWzPEgdq68LZkn+Uxo6so3dCbkcEDnchz7ws4j/K48h4wnMVUmbx4AUW4XSR95a3NLK2wUiQZS8mT2KIX69pJcsxJD32zTKHzThyG1aIdWbHEK/oUQnIVpGgCVDvzmdDNc005SM4xo2m1K45OwGw8ineO9JVqR9buOop85qByObBZqgAqxWtG9A9YtnF1yn/ubxWHB4iFXdvccPicgWItlP/4snwGe6cLEBtczeaeo51yxkwXiSY8hMdpedO0cdxiRa16G4Utwtg3xa3ANd3HR0eKRJyWQj1h8EMYdH07hBWRHsn8nhaih25UsXveXWla+75WAGkiFrbADXdh5p0tikAgNLyVgmMYZld30FH4Lu0LNNRtNflczA60b4FD6fBxOVV9fKzhqaC7OcNgzx3NdupeifpN8CvPonrmZsx7HHHZAc44JzCWmTNCa1Zn6IED1cVyv7KlEQe4+S/tqBNGEFnuU4FwD9Mnf+XwFlgGj8rnA7y7bSy4M5wOLWK6nd+DTtrDpoRUBu+AAAA=="
6	3		ASS2	Albus-Severus-Potter	########	########		12th	65676	4604	-			"data:image/webp;base64,UklGRu4LAABXRUJQVlA4IOILAABQYACdASrQAPIAPsliqFAnpaQjI1MbCPAZCWduvTu6J6YmjnWubpR7RAJ0toB/OexuzadTZ7+6H9y4zeKV4PxO/g9if/Df9rplfCl+278D9o/Zj7fwRg7xdeim/076z7NOY/9S7lp5gRbRzl3gjlL2tguYzqyRcIhwiXsMBdAQ7B17mSQjCa7BMsyqc/6w2ApUW18CmbSfk76/WaIp+8dFCDBTic0Y8SFTMelJNd6m1t+hIakqUFc2kalePe8MyldbXidhWrrBvOGTTw32SRK1S6hW7dCWnei/2/6lw4GQ/3gL+/CD2SsSPEOFlsFrN63Qj7QDV9Y6kR+xlFo+L0FjvZYyvOwSOwnHppBA41q9kwOKcYb1Z1jjB5F7Vby+Y9T5w4aarEJ+vZ50lqnnZPrwdHGJHtOEjfMIYJiClgHJ62P2q0kbzALPA4LGMPH9K4HoyWnplcyOVzuorq98iQMOLgqad/Qa2ZxipDQgR36zvEXja8OEdtqExWWx9sslGFZf15orb7pnTQCY+q7FB+C28nG2rKGVJ50mykQKfTLE7I44tYY0XC0A3xvaENrXp5yziTerxsLXlvjGZrmODFpuQjd6aWu8qNiGvyFOvbORvDNUv086tFuPjaAohyNIWF5CvVUhhoOiOXRObxVRw/n6S+sRVfQFQbgi6JZNyawF30sAfykk8ZUrOD17xr+Ui+x4h/nP30F/GbnUJDz/ROMf1MvuzSurDdre9tLq6CoeuREValKZAK9p+m11RKOnoQHRPgevQlFZTelMwhHliDoXbNjIC8BbbiUkld9pMfyj1mqPmkCHUZBsO4ODaLzPHQ65elPhPVEmk2th76Ij2DcUW7jTboTz4gC7v275N+VmbJ7Q7l+ebyfG2aBWGCS52wAgZZ8zwzpakkCLe7uwkkteYlHLTkfWPxSLQHPQRB2YVqfZzFsyebAnObzq0jPaAIX46MjjBlOlvVSTMvGVyu4d+oYwT4pYPxlVXvHw1/Oy8c4kaLfrgljoLeGz1Qzy9ZF6/37rCIvFr5YnIAD+7k0nyr1eZVrSIQepWx2tc+nDyhdT39JoHr7JlxCGkDI9T8fuaCmJ+79cFxymg+FOW4ZN3yG0uRbwh9E/ZsDBayDb/1oWSLtlGVaux2BIObNmc2IZfA3TP1dOSLC/1AzPJnlooQWZkCeYARcY6dSMYHCGl8qaSuEsvX+h+qsYx30jds1jyL4PrySIVgmH7SMK//vxIBv+l56wBiQTrvllWLRHstlerY3wTddxNsa2ZHYqrLPmGsDidggNlPaUvJCqDEPlb19gwPOhb2Eu/1KcioxROONHE82L4vICIRu4QMSFt0Au+KorqJSBoJNPJaCtus+xoai4vR6IoJkVcA+RSTppb0ap73hMx1u67ITv87UJ6XjOUWoqP8itwjRJaSHNp6WctfzKGmfswqMRGjhQcgjF2wdVjlN7YwNpCOLs9oMHxhpfWHGFUO4XW6d9knEslaMATDK0CrJOJ09PmgYYMO7cttGMDDuX8T+EEu+lxXjQ7PsWpnzxnXllSu7Oy7gAADj82WL6/AbuVgiiH93xPCcPy8vA9ZYRtJBz5is70eLIMSdlE6mZ0Fc7ioEcl/V9l0/k3SoNXx9rr+p/e4pFY+y5CbX0OsZmPuepocuDL+iMmmWNCv4mGQMa2RPjZB5FCPNMZ6WHEX9MQl/kUoQcpeGkXkl+bBbyAYdH/VydxOxfkHr1ChQBV3sUMZq+k+BgtaRQWlmGjrwkpO8mvZ8U2Ka/Tscn5MOzVMAcUZqYXvQb4JVkjYRHF8chfuAZ3jxnAcfAiN+iBrM7akNyI/LS5bzmYcaIH3/FCxRwqWsznVG0mTbflWPQh/Wp++Lhzo1yPtsk6fIh+YRmne+qGE9ufkge7q5Bw5MHELcvOZ1UjktF6SfaT13lcvOW9bhH1gOnflCqkYiH4NnFX4V9o5PVS2t0GnzCu1/WWB6eyui0knUu6C7lm/wmpAY+P1Y1vJCBMhWsiCtGtrSRT9eUwYTdsrl1Tmc2IuGiQiHDeRVCuKhY6zNk9rp4EBRKa1NAQZyJRrErzW+PPxSLjHjA/8E4MvQIeAX1RfwiLiFYjX+NsnQtZGA34RwN9D1WHK9McODze/H0T4qaZvNQocDWRZBQ1yQ3kbanF/waQCbn62avWxeXrigm3zRRCUu5zZrO2y8wgL0mTY2IMKmp0ZHLSfrCJnwkP24IyvaNT8ZzohFIkM1g4Hn5T4ANC0AGJWjxO1QFuwOsG3B8K0jF22Bc1DtgJwxxmwz9bwbgClGmMRTwLx67486QynRKg/tZqZ2ALCywriQJ0u9FoIxeBD+SbgSuvqi2XV4iKuIiYDkknZqlLUn6T9R+7a/1CmWzKXi8apPhcXFUohPZw+9det4gJQhzXFNhklHe2Pk3Kw00Lm8hTKaqLFBEF6yfr4CHqLy7Ittaop78KCaRQAYbIuOlnatAWJTEhzZVxaMnk9sdP2fQlixKtUVC9Ved1GR6YrptHoxKB0Q7eYplPnm12BXqjxvPtQOuMs0rBNil1jVq3k5S4tTHB/GNEj9KtlGxLsHLgC+pRg/Ebt6yy2seQYub/yYt40YBptQp7SuKcUDNCTb/VsqDilN3+j6+MxCKQ8yGj4sqSOUiZGdz7E/+fgiNQ9RXkg4HNZnlQpHcVGSvAUe3FtP3P5vxEe3MSPBklcCxsWkpH+v767oNNNnsHd5Dh35uhxd1gCPo71S4A37BUQsHOnetcu+sUjIluUmTs1H6daR5TTNYtfDSVKevlTPzR8bz8eCnjk9WDbTMwwncSfYdGQtNrH9fQMOHB9L5+jmwwtqmcdiCIRZDyI1PfAT8oQi8JI6SwHfEZYMHdEADrcttQsPrMnJKCHVR7GpsRZurC0MVNith6uyXSoxYd6HKW+IWuznMYayncnAI91ZMTA8uqzOZgLT094gOsaGXpFE0tAt9BGhLVQG9FiSNwzOPP4H1kj4r4NctvwguMlyCynAZ7lOkW/KqQP7FZjgcMGzsbqeIgnE/6Md8OpQVx0T6jYTYAg6kjTj2glzKYLfTTd089FFP34vPm9vB3HiBc6IE9M6lqzwql7uExono1ug5eYXvuWCLnsxgFqZ6rxvyckFUpml04xYagZueuNochs0mq8WrEV+qheYfICweFCbRF9MXT/wUKIMV6RsvHEAXCilbhc9LCNIqmbIDrvwGjYZAHCS0Iy8rSjc0g3xTfXY6hxSycD9XKETexJ/BpREKdkfuWz8EFkhhX/vaeSDnWA1I0STyh6nanJpV5PsaOfhM/fD/orAoD6CvOWJnA+zpq3r0yJFP/bo10mZuV15r664X1eJdBAJBN9TykTv0G6sW/5+4KQJ+4nSin6RijeCvEsskoz0GeCR5FG5N6u7uDxHlay5sBl5qv95b3PP4mapIBIE9nCOSKcmmhyojqmfHRm1voPFwDETIk3imqWm/qOpFFOQe2VeRpKthxYWfyzJ1O+pJF1cxBHq8uYVNQbkQgtrruALvQP8C40n4/mU7FZeQJEudUjPIXpJDfFr6Dkc9Frr4jhUPu468732AnzMYyXnI0gOmdE1d5gJDz1hW7DcJoKBSygtYqg+WZT1ywR5uTGLjuoYVwvhEkXpApHqibkV1j0UGjPGOdaY0an+tKR8k3+U/o5NyF6VaZR2E4Ko2Ffj7anFh4bIorfzmSRSW0baPiQpZlklOMnHclTu3T6SsbL9w+fvYiVjbbsU4MwiJ1RuaOtryLYDll1XmSYzHuI8pPYY/+wlALdiONn2XxX8EwG0xDzQqS2/h0STrFQX6dQjOv1ldO1Lqrl8N4AElSJ1OnsLjmptaMe/Cx03afjx7fU+EQJA7podv0tzHn4iOakuWy6xqpVjzmwDljMFphzlMQawzetypJt9lXSgwdv9xT+TWxtFDt6RqiBdjeOyKbNz0jlwBJGw9qYAkvDk5nHtPaLNrPXZLyeDstbtx0eZvHiBEN6JLtKTf+K+pekWsrY3YS6gypOjagcmfd3HmfgAkg5/DbRdhxeutX2yrgyWLx0II9SuRAAA="
7	3		ASD	Lily-Luna-Potter	########	########	-	Phd	54328	4804	-			"data:image/webp;base64,UklGRq4bAABXRUJQVlA4IKIbAADQugCdASq3ABMBPplAnEsloywqKDF9SYATCWNuaJ3uP79fEh0iYG8AbI4mwhGSmwd5Xsz8gcojL/Yo8AaNVxA8+nmB+xm4Nfln+f6dH+j5TebUn+2btrY/+i54/YPuoVKED7rs13lR6dP+q29X26c7B7YH8A81Xg8dIVlv+cdev6F+A/4uLTFT57ev3uR/gvEv/X/NLiQ+pixGWX9I0KOd5+T6KD/w8+H71/4fVv6l/oon+EiNSsYuif54BhenMD9Kkws2iaQVLmRAkVnJ/Pb89vAJvSX7Wlbl7H7TMLMPiD41mEyd0ua8mkAHg2OEdP4EPfSm9qapCZmx3E9I/GLnNsZInEWm6GlmNMjql8Lcfa9xG2mIuG5W4dF0EUasL8bopFIG5xGZqRl9+3eB/CKYe3gHmN/5K2k2CVy+czscnH5FfyYFUq6PgIIbw+GXbIjdTM35znq8VE0//OsQiyprJHsyrlmq1z2pvPW+wdDBIy27EhCNfNk5MeomAuzuEtcNOwpGXiqhm8g7eluwQQdx3BjJ0gIdQRIJg1XHFdQCDmjtzEaKi16gB5kUWzZbuK994vya5vSusstIZCqph7nwZM26XyR25z4WFyvOhU0sa/Wry18VTitB2cWdoqRO7hhV4Sc9bmxvVbp5+atfVdWCP0swUvydmUad6HbnwyqUmJ5Tuzf6FXTbRgdhAXX0XR58maokcLlExn36c4NylOxbC7/WpR4TxENc/ZMeRNPlxqlhTBzZ+rNyvDUU4rANnGXmYjIpcLY9Wr4wnor9+2sJr3IkMuHw8StclrYlsdgX4yVsYgi1THDQi3wTz/ZhjzbCejkBr4BgkEdROEvkxqleiB0G1LV3OK7qlo+kSh2g0b9InCblO2BopP0gRi+LK7x6gAyoMVk5nRV0EzZWFc5MqkKbmwTt/nr9ULwLus7N8HfyM4E0OS3goOKyW5Wjkq3v7KWA85JTzR6hmxPaCPC2GmOJzZQC0kbsb/VjD6Ixj7YbaPNh5Ovuc3P/bHS0yHKQD9quYhGcZU53XFn/uwC9Sfg8zSmxXVr3oVY94kD6/RgShSHZT3pf6TeCGf6ZB/+zchB7Kjdj+7KygHGyljai/nEk2207yu/pRYfCcCHxps8mtOAQsfdpfjAO3ZLoZ/dQA834Zl1Urj6+o+dqhtW22dMMUj4Z1Yk4BgaT7embIYqYeCXSlMCeHuhKlxys1eYnsl/xKPz825FE9z39EB+zKGxap8wuIsAnPZaW6RSlMmWGnfizUIjGG6zogtQ8dQqBfFJd53HlFj7OUQc7e1tPYXKMwBZ84dgHGZDKQPYioaQmnTa1zm2TRhByu1K6/tbeZsv6vVmZG2aeS2AALwKKmBGD9ZRO048V/79OWIRdEEFU4KAE9udddvGUmRkNq1QLaCSukv8DECYDPQBH2/YsmcTONlZkfC536bYpjwzwGCZnDS7ZiyvJyG3COKLpeli6UCW70UFzlP0yh8j3/yFI4HA5cUUNG+JyPLiS9t2FAa6YnwsbfssQlQMOBn13IW1hq4iWiIho2KheGQsv2OJWX13KSnafN/t6VAHSL+vWzaQGDk7s2dfkxlI2KL61lnCXtrgbpWNYI25alXbI2jOGbbZJP7CN9zYLCOG7H3673M0NR9eYBSNWVTgT2phJC7H5v79+OIhOhsr2cDwimJXBaZ/ZfVVQ7ypekTV+Y/TKv009siIWbXe3LaMDsg3ztK2FDEHNre+dcRw/uSJH/N/WdhnSmcR5/d6BFG91yeVZve6JP9uSmMoCGDyT4/71LbCZV7o2sOmu5H2QMFDklDuUz1f3Y13MYOVN7jOA139vSqY+N/Xu9Vo7krvjuzxlx2OJUBzE3weoDfRLEZ3x5wKMkyn/3pcsgN7T9tL43juY+Sr7qKL5rhov+sY/vQsg/8hLEf2ttPuEFc7JVfxGDYw+dQYh7TIj94IVP/YOrKkW2To1SSIW1stdSb/etyuHUQFUuEbqm7Q6iCnG+2rtcAAA/vC5KNFH0T+bk/V7+wXUxp3pANCeoCMWQCRwqBqhmk/faDRDRbuSHWXcXGF3V+ymKo7F6hQiASU8xLhGRPVQ2PWa+kaHPIWBPRbrxFbD0JU5h4j8WPARiuuwlGJcYyml2vJ8HwkBJMJaI74Lm3mnmoxe6TGLI066pjZBOX2dE5yfRBbLIjHgAbvpPYMnBYyrzyOSkvtYWAAHnGyqxgc+7zzFvdfk/4HmfhqiZ8y+q/o26vVGtrLQC0736JwPl1vX+5SAg7RzNLsNqstJf38dguuLu/6/yYVXRba1V845sbFwnVDNge79Ijoclgtzv6Xh5Sgiw6ageK8utIB1+reg5VtmMR+x2ABw7BA03ZDMQlGAqp0jo6QTAF9zPw/GJoCMk50VoZYCc4nwCP4m6QT2BnXIPYSd4bwq/I6rc8jXdJtwFucmMSLjmcuwl04AA0eYDIil/yBbwcd7zEmnNQXCm673OJzN4NMgiwUCSMbAM09yckGo64nAcRz8HLIvV8NLpWOcT06Ni6w2SS2lxLEkzjHna6I0AJJU2jRCmuRJuRPkhdeJzPxu6pDyBVs7y5SAG5dJorVuWRWTPzU6xArxAL4hVzlpYiyqNKDqqwwBO0CpkRrK6Xt03eHx2Bz06Q+XCmEip4TSWi0ModBZ93paBqmWBLlRwDESw8UC0/VEgDqpsaEe8QByFCnKH45HVAy5EOHc5Xfl0gR19MUdijB+3fjDXCnYMCHUNlGF7RNWI/x5SRTJpQSH3MVMdpvi/WRYhgmqfUr295pgHlnSmgCrALCt2e2YpbNlLMkdKt09zyeIS+XB1HhQsJX1NOuJ4ca5jm97yNjgkDkm3bEIyQiVP2lnghFkvuVxXPeKUAiMFCefQTvi6pIQVXrSFdeQvr6k5ADal3uGONZz4SQQploT/QHj/zxCJrhnm9K7Z9MX7Ph+X5xacAubXHp++FoMuhPXGtP3sTSj4GiU2xdOE+6pJd0+4Hzw5IMTzJBUYBw8gi7/3oVSnKXp9zIKDmFWdAYJEYNc4+P5qvm3h3UXrASyrfroLgI4/nEr4qzsi0StwsnpE7rVqWlW7oebV4k5+vm+7wgDt/S8eoxmev0iCOkyiKfTAOeaCvKgMiZ21QTUYYmy0jPx0gQPnO8ljRap9kELvZMIB4aGx694YVAoxIyAbX9W5D6AuT1FIIzfq8T2kuP4pZchoja1KGw/0ynu8R3XI2MRcsOl3tCzPG70C6nosn/R9sEbjIvXwXIRVxzdCYL+kFDwhIYxWZpwJxGDKrQxfckKHdVypB4OzWuMZB1KaMLgAH6BfQRJ+kLc2pWXJJuUiQPL8/KLqG8OvHz5lvFj7xPhojS1iNIzXcJ2fRiGWC8hYHURiHPdObVt/Qww6bNciwjJObpCLXYDW7AqRlNwOnhnqgh0fG9WsHcFENKEzzBeRreAKAgXjnNMXp3IJVZBWNVAEzctwHMRrJoq4RMn+72cFt3RsWh4hsJZtnef0NcH1HwDm1YxfNWPBwW/CmU0RH4chsVcRuagCPZYtalH+3IrIik/xqwTxWAQ0pjLEuObqX8Bd+vZtSy8zfZwCm7aIJ6brX5T457ehYWacu9jNcsA4N5NY+y+5jc9nXFUFLikLYG7QGBeSO4T5LdZAPTQtXrGXxBXeGGstj8dK6u1oDfSfOodKF/FyppQe+AS/yLSc/3YwbMqTUzuZeRnMxFx1zNc2Fb9emtDvm8zJPgt1WyWLwQrPxY6p+RwfpKUJdeejmzDg3BOqEEBxpYI3ADrSyIMXN4+5J/FENrcUesuwa7rH7OY/hotqpd2CoUg29ds0b8dUD5vzFlnfSSHQoeNMUIbP5DXbTTH7WmOPnpprwyalymCKws84zzv/VD+S9hG/V0EefyryQLQ/zL6JELizrlelmAnvOQLx6jPqvvaBfhbzrdonueaEO5orDnyZ9Yufy+0itoNzJZtJtagDtOXyw0igN177At/o1hiw8Rdil/I6HWbAeuv40qVUZwFV66y/GYTxLNnf/i6rAahGyGDy1YWNLRyTXEXOhMlYdludSr3/k5MkPKBjcRwXB6GEtS3ww+lAV26ZuU4Wg8AXyt03mgVLAMcfvYC+5MDihBy59DEthbubEVO3BD4aekUxsVDgR2McgBJqqWmgqpWwPAnVt86VVPpmRaGLgRiON+7U0r8WP6Gba/AKGsAWP0IQVq+iDqka/5U+Lo6hOb19+aaNba65pPBvdS6xgR5lFihnIQZBk7TZDL/aiokOhd12qB6QpLxDkweX65uiAstZEleYWlZ8lFIBG2KiVhE5hvIq0O8FrCCCd9xb2vyg4e/X/zqn7L5Z/n4ZK7hVez3JsFf+AfWFyTuejMHy8Ne9XLPdBL5y6QGdHQcMvD7ot/z7i4I0sqVxbGP9D8eBHjtL87ZsFW4EaNqo8mj/rbPgHvnrvITuH1amdX+UIO8vaGvLdOyi+B1axw9bwYwd77Bp2gSvavBbv3+oE7rwThXzD/T+5321NNbRkGDOGd9Bqba+olg0GpiTNia1GMR53lLYVn4AA60zVK62UK2nUJnmWV0IKCc5ZWO7EKqjLZpAbr8NxFDRg1UCX3lVf9aSImNUePeqQBehz//Sn0h+whcV07Nb2JIgyppte85OmBwOQrL/yDxXApF4q36yyLx94vKb/sTvEgXMDZySTFhQspFDbC3Y/COG0FBADiW1EE6gtFCDHXTKTn2H4aUF5AjCLlXVrm3nBDp7gnMXdI8c4jMukAJZf66PDYvYaw2jwK9wqoqxEsLso1v0KN1KpAGONqiV0kTvB2ThKDjCgoAagKOaAtVvvfYhYlVeHhFQCoZ4Y4/vPHHJWMMFQac2LvW9MhuvFEQXeiUP2QWflyifM0tMGxk1KCAOSL0UdvwCD8QsISrEDq4cPmJ1I4l42DxiKi1hK0wHGNbFyOHzG4wQan56EUrWsnYlFbU87QMk2YMlRdBRBbBlaIgjYWCHOcSZXxJABajB2iGZq7STUwRoksunYjH5oKLDl09lCuF6sRw0TRam8fKwFfQcL8oNw7EmFJMNXhm7XjTypMs7eZvBiQ57cL4zcVp6L/k72D3TQCdBPZm54c49aIiUInmvpjAH00GuJV94cDsyMiBUtkgCP07b9O9fCZwyVr0HFrBnM7hd4QwFWhmtGGKtBgLBvnlHxK77c4Soi3lc3TBdcNqPTVORE2BrpsfaoI1E13PCuY/HJLI6QUsCLj+hFDqpofbk9lnWLJtsPWE29DM0SRTwn9ZSUujH9UYpU04vkXST9dSZNvkIRbplOgpG15PP46gEMHgiuIklcI/kVXllnfjjRrCWf4ZOm913AT2CLk1hx0sw8Wg/g0BlpxtAWZfcNF93A3Sce2kc4y5qxIODZuh0C8Ry8DtZHfXYnj4tCtPzZ88uVG4BR6gZ9DmYocNGoWzOb3SqDGeKHlu715GHnZ0NAo1YrOYbwg2QJ7Rt+5qcql1F5l9E6LKDyqWGCDVn5s7uuaXK782KZ3nBYVb8aAiRSycZmwuiXYJS91dvsjTE/5PNHVHNWbUNaVDapJ+/8dqvmeTK3zQ4kN0F0H//gGIjEt+fOoQvUDOl8jOba5flpTMpb5Ecj+sWm4hDHOXIXBsQGA/8q5Nw2uILdoS3ewU8FMCGtQNPyjYCjUEuF0S6du0roKOZEMiV1JKdeEo1jEWy2lQ07mfaKnnUli/2fDzBUA1aP9CB8w7/b8aQMeEXMwkGGTXm1mkqzbEf4DZD5dIvuHqS7XmSBSAmiPGDsqjkcZcaYHZ8hXnjqfqB+vQUPwDLOBvHpNGcJleLT9mZoupHjejCymgbr19B5uJlz3rz22JVA7t60H8mZ0ks82Yx9u1qgAlUjrVX/zdOhhEsY+pwC0DkMoeXxO6QRx18V+voA1L3TwkQXvcptQypBDAaH+qbDoPqEhaufNwVRn4DpEHwP3jctU2nb+imzV7SKKN3ZVgsjf9KX6hZ/teWQYoYRIeLIAday7HTKNsgHoXtKOhBVN9C0iQLVjNtzZ3LpLYd6Xo0UpPIMUyK6eAzcu5D3laS+fp5JEtek3nJjQWb0XqTtS5ZBm4goPKElzp0bYNh1QzLD1C6a1SZK0+nakKZLBTAe40JUfsOBSKuvTxlAAtXJiFqJtSG/gCONQYZIejL7svi/0p/+dcL9uP6w6VE4hLsqTi5CdAQJJ8Pq3BNYJnEyLrIKGzbgqXiCZFh6DNLn/Tp1fJ7m085WFTDq2hixNl/CriDRPwo1Vie7TAlp+8mQRXgID393ck7YsO7QE4h/GyCMLbiTVA9iqzz0MM4JnzO1sGRW5oFNgMgjv9CGeLQ7VUB/4DQGFnzcEd7y78lr1ax5C13VGplkZQV+X8zHCBhQPbQE6ysRfAJKYStBDVTXC29bHd058kps9q7PWa0Q3G3usYpIB88WKxgBFj2I7KkaBYbEI0e7fXyIJ1muGrhBizEzwrEsUt2dhENnFb/R8BDBb8d7LBSorSLQqzaLdc4ufagMJHhEMSUqqYbOp1NtGRLLvIMphKX2YyOAyVknadVh0BbBzOsgEo41XSHMHcXoLAdDLBvGZRAbJQRUuu9APq2HfWeQvWekcXHsuQNWYmFPsLv7J0Iy7wllgAcERjY9PmgrRGN49+c9yN17aj7NBkRuRAIyLLGeL+xA4FJyA0dG/LXnGNixaW1hUcwsJGDV0T6G/DGZBUxwO65Ll/l577ZQVjkgt/3P6x1eyzhJXGnGsO0gwTj8XsoBROQsVqjx/zm9x5I3tViCCSxWb4mbtPveOJXP8InhfU5fd8SA8DIv2Qzi5M5ZPfrHBt1+qscvEMwIACDtx6fUv70lQxl8ieVHFNQs1f838ox9gAWBXjzPjzTpneSi+IYlOR96MmYmnDYIThOFDSWTFGb+s3tnOBt+UYOLs0Gilf713oPti8knhthSrHhJD8JDBWwz22rBd/vXRUvFuoduj+ZtBpJPAwkqK95JNRuFVDuyzB62rq4XvT0xou2srh8V7XHXEkG2ZdEsxwNYVjzPXvE7N2jeUU7jDbKaXFS8MTf5gm2ys+THcizxHqTM+yiKo3Q/ua57zmWAQI882QmJTQK+aArlvTXw3P5Pa4Jq09AA8X6yHC58WzolQi0MAEE5mCKmq8RFNz3iEuprlRYEGKHzFJRxnFEm9iJor0Ui8HLPNKwDxRNyhDJraHZBpCO/m0eY8CE9RMBEYhDHC7Yqo3cwL6xM4fNtiV6rpOVChbF7nz5H1rYB38/WUehpIJe/f5NNhUS39FBTeih4lSS0QJnrn84rjLL9zJ0lEcF9vCiv2tg3XF9O3PpCqZWqlzdPvN32/Hitlsf0GuEDe4tBOrtHvWfF8dOTbyeLbzoWcBB2GcxdjAT+EqtD1w0kaqVhgp2KXrIf9zbttPV4RePBQU2uHsDiG3R/reA3h7hdazg4XyO9qrO5n5sSj6DHZweBd+YpN8jhLih2McpIrqXVV0NSl/Oczs4TXpJo5cevHBYMkTVNQgkZapJQ2x6ResK+HbQoXq49my80u9lWPsqq3mSIMRNE0iq7AhIkUwZo3jWUeGXzNJZSwK0mXGWYYCwHGIlELZrPR4y+9seJl9kCpN1/wfYzqPTke/Ic5Kcx7C+l5AQGNidK7OLA6AWGo3HDKOiQrQ3Le7v0d22UPjOfVVqoAeQ+fTH+rHCsBsAb8jRPMjZ0uuBsCJF7bImPqYtMbjGDF6zx+bqwWWQMK2eKV5M/s6mL+OMEo3gyQU+YTTSsRWsbO7srRKpQ+FJaBEU8rSfSJMntmKKM6kaQStDAteFQWhBbD6nkkxV/ttYdGK6jCq9but1OFhhTm9W3QzROVY5zy80dd/AFf46yGjthQg6jB1u1HIukALfYdEyycriSlG2KnRIijAxfqvKqYdwSglwmyL1aH2FL9UEaAuMFKA58443HoHNU6BIxW7elGaiGsrFPR8UzWrsz6Y+YFRKlzGdh+OSvtuFPZFfc/wC+tARnEpLhtaUJCQd5qjTJcumi9dAfQMGngtw1cIjNmSZlWuf1MKR83EvSZmuie6f2q9GI7i6jvNM2Yl5s8zlBlnQBoZ9N48PsnoNjRZXqVdX1qqjIuaZrPgb71by6j3cpFDOoNLl81p3XGaRGmO0GH039YSn5HuiZm19yYK62IbWZm7Q4jwPWvjwdGI6rBGUpxjusT97T7ba3j7U56nMV9oCPqta26Z+6gVlPMkZ3wm6K2u8Vyv9MG53tzHyxWkug5VMO0ViDPgMpEVdQLEmX3Msg5H1BnD+d2fcAC0yCofSbMA/CowgEFdLptGjq8ogdW6euJiMAK1eQC92tPC27TDvQbkrteWXlvTgADiGaJY0qC2Ik0dz6xbEcl3zLdTq74lM/HI6plC1hFKzJ7wJLhCOa9+pbMUCeZ3xHHGuTzfFg0wvUECjohYfLlXaEk66M0Vi/JVpNR4vi3jemHZ9PyU/uaRTIOoTtNPzu4M7r98tTLh9YA3KlZWrpNfY00tf7UZ1fYqVfj+n/mTPwMxEpt4v/+7lysfinG8nJpp4bpdwKwhGeCPtcumZ7zgE5oYmyIhkRfoQ/ZoR/xxJpJEqvDwa6WoXfKWz8KAoKDp/zF+tqTEGMssICJUCxWWr+6wZIMRg9NekufwgFjI4DcIMBfRDgXxjS9LnLOSrCiRBkmwuBm5vya/wVMcaqRB33OVu8v6SqoYXKcbM+m441JUzmvVJTiL0z8JJuS5jI03O25SnHQ291gz8SJtHS5SqRGZb5Sq7NCbmF7PlfESF6OghgaohJN08v0t3F4WB+KbgVvIxikN0K1aba4MkiFL+0eTB5VegHje3Q80cGbkFxEDvQ0ZocuUfzRJLT+ge0eK6jDxCUWL1e0NJHJ7/dJ9S8RKB/ZEwD+l/4Jp3PR9GANPag+BSqqy4aXM9/Ag6WFZU3TMhVV7sRhL/KyAkGwB9F+dGDFLaEhzg4YBOPWGC+tIvQr820/mt7S1CfEFL3CqVDUnK95oY8+IDYF002fo8rnM/63N+t0YabGOMlOzLXb29pU8+wWsln3AhC2jb1hOrmOiKU4QHsbegX/EfAVQ7JFtuiVd2zcYMxr0UxKGpArAnUj2eILtwBeyVPqobJVbErWKE91ahIJJa3YpQ3+i0vGVbf7oot7lba0s4NXUYhlYt/JpNarxD1gGR+IcqwW01ymaBrazxnXasWJ3gJFL+WQVhySSmmQwMFqUwmGVwBhwNrxpynDjepUhjoRPbEYEt3Ej0c7OvXEEsPbyjMhTwAnGIDyKogJG07GCsBXQc5DW6nAWltkcQe3O++h+gs/yPSBZ1A9wHc5oZa57PSusTSfk8RWkLBfcI11kg9v/qbZdW21CJG7paWeFd6TPf6UKCJEVNZD3kZlhS5M+tW8SvnHLZK1t94mqXqiKKAHM2qlQksXXbm/P6AGNzTXBkAA="
8		7	ASDH	Lily's husband										
9		6	ASS2W	Albus's Wife										
